Workbook

Sheet Funnel
A1: E-commerce Funnel Analysis (12-week sample dataset)
A3: Stage | B3: Users | C3: % of Visits | D3: Step Conversion | E3: Step Drop-off
A4: Visits | B4: =SUM(Data!$D$2:$D$145) -> 310627 | C4: =B4/$B$4 -> 1
A5: Product Views | B5: =SUM(Data!$E$2:$E$145) -> 180183 | C5: =B5/$B$4 -> 0.58006226 | D5: =B5/B4 -> 0.58006226 | E5: =1-D5 -> 0.41993774
A6: Add to Cart | B6: =SUM(Data!$F$2:$F$145) -> 49166 | C6: =B6/$B$4 -> 0.15827987 | D6: =B6/B5 -> 0.27286703 | E6: =1-D6 -> 0.72713297
A7: Checkout Started | B7: =SUM(Data!$G$2:$G$145) -> 26076 | C7: =B7/$B$4 -> 0.083946341 | D7: =B7/B6 -> 0.53036651 | E7: =1-D7 -> 0.46963349
A8: Purchases | B8: =SUM(Data!$H$2:$H$145) -> 14597 | C8: =B8/$B$4 -> 0.046992052 | D8: =B8/B7 -> 0.55978678 | E8: =1-D8 -> 0.44021322
A10: Overall conversion (Visit to Purchase) | B10: =B8/B4 -> 0.046992052
A11: Biggest drop-off stage | B11: =INDEX(A5:A8,MATCH(MAX(E5:E8),E5:E8,0)) -> Add to Cart
A13: By Channel
A14: Channel | B14: Visits | C14: Purchases | D14: Conversion Rate | E14: Cart-to-Checkout | F14: Checkout-to-Purchase
A15: Organic Search | B15: =SUMIFS(Data!$D$2:$D$145,Data!$B$2:$B$145,A15) -> 116473 | C15: =SUMIFS(Data!$H$2:$H$145,Data!$B$2:$B$145,A15) -> 6972 | D15: =C15/B15 -> 0.059859367 | E15: =SUMIFS(Data!$G$2:$G$145,Data!$B$2:$B$145,A15)/SUMIFS(Data!$F$2:$F$145,Data!$B$2:$B$145,A15) -> 0.55623031 | F15: =C15/SUMIFS(Data!$G$2:$G$145,Data!$B$2:$B$145,A15) -> 0.57231982
A16: Paid Ads | B16: =SUMIFS(Data!$D$2:$D$145,Data!$B$2:$B$145,A16) -> 91296 | C16: =SUMIFS(Data!$H$2:$H$145,Data!$B$2:$B$145,A16) -> 2401 | D16: =C16/B16 -> 0.026299071 | E16: =SUMIFS(Data!$G$2:$G$145,Data!$B$2:$B$145,A16)/SUMIFS(Data!$F$2:$F$145,Data!$B$2:$B$145,A16) -> 0.45358042 | F16: =C16/SUMIFS(Data!$G$2:$G$145,Data!$B$2:$B$145,A16) -> 0.47619992
A17: Email | B17: =SUMIFS(Data!$D$2:$D$145,Data!$B$2:$B$145,A17) -> 39063 | C17: =SUMIFS(Data!$H$2:$H$145,Data!$B$2:$B$145,A17) -> 4257 | D17: =C17/B17 -> 0.10897781 | E17: =SUMIFS(Data!$G$2:$G$145,Data!$B$2:$B$145,A17)/SUMIFS(Data!$F$2:$F$145,Data!$B$2:$B$145,A17) -> 0.62687979 | F17: =C17/SUMIFS(Data!$G$2:$G$145,Data!$B$2:$B$145,A17) -> 0.6422752
A18: Social | B18: =SUMIFS(Data!$D$2:$D$145,Data!$B$2:$B$145,A18) -> 63795 | C18: =SUMIFS(Data!$H$2:$H$145,Data!$B$2:$B$145,A18) -> 967 | D18: =C18/B18 -> 0.015157928 | E18: =SUMIFS(Data!$G$2:$G$145,Data!$B$2:$B$145,A18)/SUMIFS(Data!$F$2:$F$145,Data!$B$2:$B$145,A18) -> 0.39885222 | F18: =C18/SUMIFS(Data!$G$2:$G$145,Data!$B$2:$B$145,A18) -> 0.43480216
A21: By Device
A22: Device | B22: Visits | C22: Purchases | D22: Conversion Rate | E22: Cart-to-Checkout | F22: Checkout-to-Purchase
A23: Desktop | B23: =SUMIFS(Data!$D$2:$D$145,Data!$C$2:$C$145,A23) -> 108839 | C23: =SUMIFS(Data!$H$2:$H$145,Data!$C$2:$C$145,A23) -> 6597 | D23: =C23/B23 -> 0.060612464 | E23: =SUMIFS(Data!$G$2:$G$145,Data!$C$2:$C$145,A23)/SUMIFS(Data!$F$2:$F$145,Data!$C$2:$C$145,A23) -> 0.55147916 | F23: =C23/SUMIFS(Data!$G$2:$G$145,Data!$C$2:$C$145,A23) -> 0.66394928
A24: Mobile | B24: =SUMIFS(Data!$D$2:$D$145,Data!$C$2:$C$145,A24) -> 171303 | C24: =SUMIFS(Data!$H$2:$H$145,Data!$C$2:$C$145,A24) -> 6747 | D24: =C24/B24 -> 0.039386351 | E24: =SUMIFS(Data!$G$2:$G$145,Data!$C$2:$C$145,A24)/SUMIFS(Data!$F$2:$F$145,Data!$C$2:$C$145,A24) -> 0.52248538 | F24: =C24/SUMIFS(Data!$G$2:$G$145,Data!$C$2:$C$145,A24) -> 0.48393344
A25: Tablet | B25: =SUMIFS(Data!$D$2:$D$145,Data!$C$2:$C$145,A25) -> 30485 | C25: =SUMIFS(Data!$H$2:$H$145,Data!$C$2:$C$145,A25) -> 1253 | D25: =C25/B25 -> 0.041102181 | E25: =SUMIFS(Data!$G$2:$G$145,Data!$C$2:$C$145,A25)/SUMIFS(Data!$F$2:$F$145,Data!$C$2:$C$145,A25) -> 0.49227324 | F25: =C25/SUMIFS(Data!$G$2:$G$145,Data!$C$2:$C$145,A25) -> 0.57006369
A28: What-if: Revenue Impact of Improving Checkout-to-Purchase
A29: Current checkout-to-purchase rate | B29: =B8/B7 -> 0.55978678
A30: Improvement lever (from Assumptions) | B30: =Assumptions!B5 -> 0.05
A31: Additional purchases (12 weeks) | B31: =B7*B30 -> 1303.8
A32: Additional revenue (Rs, at assumed AOV) | B32: =B31*Assumptions!B4 -> 2346840

Sheet Assumptions
A1: Assumptions & KPI Inputs
A3: Input | B3: Value | C3: Note
A4: Average order value (AOV, Rs) | B4: 1800 | C4: Assumed for revenue impact estimate
A5: Target improvement in checkout-to-purchase rate (pts) | B5: 0.05 | C5: What-if lever: edit to test scenarios
A6: Dataset period | B6: 12 weeks | C6: Weeks 1-12, sample data
A8: Blue cells = editable inputs. All other sheets recalculate from Data and these inputs.

Sheet Data
A1: Week | B1: Channel | C1: Device | D1: Visits | E1: Product Views | F1: Add to Cart | G1: Checkout Started | H1: Purchases | J1: Note
A2: 1 | B2: Organic Search | C2: Desktop | D2: 3270 | E2: 1931 | F2: 589 | G2: 330 | H2: 232 | J2: SAMPLE DATASET: synthetic, generated for portfolio practice. Not real company data.
A3: 1 | B3: Organic Search | C3: Mobile | D3: 5176 | E3: 3334 | F3: 942 | G3: 514 | H3: 238
A4: 1 | B4: Organic Search | C4: Tablet | D4: 857 | E4: 531 | F4: 141 | G4: 71 | H4: 42
A5: 1 | B5: Paid Ads | C5: Desktop | D5: 2496 | E5: 1334 | F5: 312 | G5: 151 | H5: 80
A6: 1 | B6: Paid Ads | C6: Mobile | D6: 4126 | E6: 2314 | F6: 497 | G6: 215 | H6: 95
A7: 1 | B7: Paid Ads | C7: Tablet | D7: 683 | E7: 360 | F7: 70 | G7: 30 | H7: 15
A8: 1 | B8: Email | C8: Desktop | D8: 1125 | E8: 805 | F8: 322 | G8: 219 | H8: 165
A9: 1 | B9: Email | C9: Mobile | D9: 1683 | E9: 1216 | F9: 469 | G9: 301 | H9: 170
A10: 1 | B10: Email | C10: Tablet | D10: 315 | E10: 210 | F10: 72 | G10: 41 | H10: 25
A11: 1 | B11: Social | C11: Desktop | D11: 1673 | E11: 770 | F11: 141 | G11: 60 | H11: 31
A12: 1 | B12: Social | C12: Mobile | D12: 2705 | E12: 1260 | F12: 219 | G12: 91 | H12: 35
A13: 1 | B13: Social | C13: Tablet | D13: 516 | E13: 239 | F13: 42 | G13: 15 | H13: 6
A14: 2 | B14: Organic Search | C14: Desktop | D14: 3527 | E14: 2217 | F14: 703 | G14: 413 | H14: 295
... A145: 12 | B145: Social | C145: Tablet | D145: 513 | E145: 234 | F145: 39 | G145: 14 | H145: 6
